Date,EUNA
2017-11-21,4.996719837188721
2017-11-22,5.0023298263549805
2017-11-24,4.999800205230713
2017-11-27,5.001200199127197
2017-11-28,5.000899791717529
2017-11-29,4.992400169372559
2017-11-30,4.990099906921387
2017-12-01,5.003900051116943
2017-12-04,4.997900009155273
2017-12-05,5.0019001960754395
2017-12-06,5.007800102233887
2017-12-07,5.003499984741211
2017-12-08,5.002600193023682
2017-12-11,5.003200054168701
2017-12-12,5.000199794769287
2017-12-13,5.005899906158447
2017-12-14,5.008299827575684
2017-12-15,5.009699821472168
2017-12-18,5.019999980926514
2017-12-19,5.019999980926514
2017-12-20,5.019999980926514
2017-12-21,5.019999980926514
2017-12-22,5.019999980926514
2017-12-27,5.005000114440918
2017-12-28,5.005000114440918
2017-12-29,5.005000114440918
2018-01-02,5.005000114440918
2018-01-03,5.005000114440918
2018-01-04,5.005000114440918
2018-01-05,5.005000114440918
2018-01-08,4.985099792480469
2018-01-09,4.985099792480469
2018-01-10,4.974100112915039
2018-01-11,4.968400001525879
2018-01-12,4.968400001525879
2018-01-15,4.974299907684326
2018-01-16,4.974299907684326
2018-01-17,4.974299907684326
2018-01-18,4.974299907684326
2018-01-19,4.974299907684326
2018-01-22,4.974299907684326
2018-01-23,4.974299907684326
2018-01-24,4.974299907684326
2018-01-25,4.957099914550781
2018-01-26,4.957900047302246
2018-01-29,4.947500228881836
2018-01-30,4.949900150299072
2018-01-31,4.946700096130371
2018-02-01,4.9506001472473145
2018-02-02,4.9506001472473145
2018-02-05,4.928999900817871
2018-02-06,4.945199966430664
2018-02-07,4.945199966430664
2018-02-08,4.925099849700928
2018-02-09,4.921800136566162
2018-02-12,4.923299789428711
2018-02-13,4.92080020904541
2018-02-14,4.92080020904541
2018-02-15,4.916900157928467
2018-02-16,4.929599761962891
2018-02-19,4.919300079345703
2018-02-20,4.919300079345703
2018-02-21,4.919300079345703
2018-02-22,4.917300224304199
2018-02-23,4.924099922180176
2018-02-26,4.930600166320801
2018-02-27,4.918399810791016
2018-02-28,4.926700115203857
2018-03-01,4.930300235748291
2018-03-02,4.930300235748291
2018-03-05,4.931300163269043
2018-03-06,4.931300163269043
2018-03-07,4.921199798583984
2018-03-08,4.921199798583984
2018-03-09,4.921199798583984
2018-03-12,4.921199798583984
2018-03-13,4.9328999519348145
2018-03-14,4.939599990844727
2018-03-15,4.937699794769287
2018-03-16,4.941100120544434
2018-03-19,4.941400051116943
2018-03-20,4.933800220489502
2018-03-21,4.932499885559082
2018-03-22,4.940199851989746
2018-03-23,4.940199851989746
2018-03-26,4.939599990844727
2018-03-27,4.946499824523926
2018-03-28,4.954899787902832
2018-03-29,4.9583001136779785
2018-04-03,4.952600002288818
2018-04-04,4.949399948120117
2018-04-05,4.9446001052856445
2018-04-06,4.946499824523926
2018-04-09,4.946300029754639
2018-04-10,4.952300071716309
2018-04-11,4.954699993133545
2018-04-12,4.945400238037109
2018-04-13,4.950300216674805
2018-04-16,4.945499897003174
2018-04-17,4.94920015335083
2018-04-18,4.942299842834473
2018-04-19,4.929299831390381
2018-04-20,4.9268999099731445
2018-04-23,4.919099807739258
2018-04-24,4.914899826049805
2018-04-25,4.906700134277344
2018-04-26,4.915900230407715
2018-04-27,4.920100212097168
2018-04-30,4.927599906921387
2018-05-02,4.92080020904541
2018-05-03,4.92080020904541
2018-05-04,4.920899868011475
2018-05-07,4.920899868011475
2018-05-08,4.913099765777588
2018-05-09,4.913099765777588
2018-05-10,4.9166998863220215
2018-05-11,4.915900230407715
2018-05-14,4.914400100708008
2018-05-15,4.902599811553955
2018-05-16,4.89739990234375
2018-05-17,4.889599800109863
2018-05-18,4.898099899291992
2018-05-21,4.898099899291992
2018-05-22,4.8927998542785645
2018-05-23,4.8927998542785645
2018-05-24,4.913000106811523
2018-05-25,4.913000106811523
2018-05-28,4.927299976348877
2018-05-29,4.93120002746582
2018-05-30,4.916999816894531
2018-05-31,4.916999816894531
2018-06-01,4.919400215148926
2018-06-04,4.926400184631348
2018-06-05,4.925300121307373
2018-06-06,4.925300121307373
2018-06-07,4.905900001525879
2018-06-08,4.906000137329102
2018-06-11,4.908400058746338
2018-06-12,4.906599998474121
2018-06-13,4.909800052642822
2018-06-14,4.917300224304199
2018-06-15,4.917300224304199
2018-06-18,4.917300224304199
2018-06-19,4.9303998947143555
2018-06-20,4.925300121307373
2018-06-21,4.922900199890137
2018-06-22,4.922900199890137
2018-06-25,4.925000190734863
2018-06-26,4.92110013961792
2018-06-27,4.92110013961792
2018-06-28,4.9328999519348145
2018-06-29,4.934599876403809
2018-07-02,4.935200214385986
2018-07-03,4.936500072479248
2018-07-04,4.9355998039245605
2018-07-05,4.935699939727783
2018-07-06,4.938700199127197
2018-07-09,4.936299800872803
2018-07-10,4.935699939727783
2018-07-11,4.934700012207031
2018-07-12,4.934700012207031
2018-07-13,4.944200038909912
2018-07-16,4.936500072479248
2018-07-17,4.941800117492676
2018-07-18,4.940800189971924
2018-07-19,4.946400165557861
2018-07-20,4.938600063323975
2018-07-23,4.922299861907959
2018-07-24,4.92519998550415
2018-07-25,4.9293999671936035
2018-07-26,4.924499988555908
2018-07-27,4.924699783325195
2018-07-30,4.916500091552734
2018-07-31,4.9243998527526855
2018-08-01,4.9131999015808105
2018-08-02,4.9095001220703125
2018-08-03,4.9095001220703125
2018-08-06,4.924200057983398
2018-08-07,4.916500091552734
2018-08-08,4.916500091552734
2018-08-09,4.92110013961792
2018-08-10,4.929200172424316
2018-08-13,4.929200172424316
2018-08-14,4.924799919128418
2018-08-15,4.930099964141846
2018-08-16,4.927700042724609
2018-08-17,4.927700042724609
2018-08-20,4.936100006103516
2018-08-21,4.929800033569336
2018-08-22,4.929800033569336
2018-08-23,4.929800033569336
2018-08-24,4.931099891662598
2018-08-27,4.926799774169922
2018-08-28,4.9222002029418945
2018-08-29,4.9222002029418945
2018-08-30,4.923500061035156
2018-08-31,4.923500061035156
2018-09-03,4.924499988555908
2018-09-04,4.919600009918213
2018-09-05,4.918900012969971
2018-09-06,4.92519998550415
2018-09-07,4.915500164031982
2018-09-10,4.9145002365112305
2018-09-11,4.9131999015808105
2018-09-12,4.9131999015808105
2018-09-13,4.917200088500977
2018-09-14,4.906000137329102
2018-09-17,4.906000137329102
2018-09-18,4.901100158691406
2018-09-19,4.893199920654297
2018-09-20,4.8968000411987305
2018-09-21,4.8968000411987305
2018-09-24,4.8907999992370605
2018-09-25,4.88539981842041
2018-09-26,4.889100074768066
2018-09-27,4.8927001953125
2018-09-28,4.8927001953125
2018-10-01,4.8917999267578125
2018-10-02,4.894400119781494
2018-10-04,4.865699768066406
2018-10-05,4.868000030517578
2018-10-08,4.8572001457214355
2018-10-09,4.861000061035156
2018-10-10,4.857100009918213
2018-10-11,4.8628997802734375
2018-10-12,4.865099906921387
2018-10-15,4.86359977722168
2018-10-16,4.86359977722168
2018-10-17,4.86870002746582
2018-10-18,4.865699768066406
2018-10-19,4.860899925231934
2018-10-22,4.862400054931641
2018-10-23,4.871300220489502
2018-10-24,4.871300220489502
2018-10-25,4.875
2018-10-26,4.885799884796143
2018-10-29,4.883999824523926
2018-10-30,4.8790998458862305
2018-10-31,4.874899864196777
2018-11-01,4.874000072479248
2018-11-02,4.8643999099731445
2018-11-05,4.864999771118164
2018-11-06,4.863800048828125
2018-11-07,4.866000175476074
2018-11-08,4.860400199890137
2018-11-09,4.865200042724609
2018-11-12,4.8684000968933105
2018-11-13,4.8628997802734375
2018-11-14,4.8649001121521
2018-11-15,4.870299816131592
2018-11-16,4.870299816131592
2018-11-19,4.8709001541137695
2018-11-20,4.871200084686279
2018-11-21,4.871500015258789
2018-11-22,4.872399806976318
2018-11-23,4.872399806976318
2018-11-26,4.876500129699707
2018-11-27,4.873499870300293
2018-11-28,4.872700214385986
2018-11-29,4.881899833679199
2018-11-30,4.881899833679199
2018-12-03,4.8871002197265625
2018-12-04,4.898200035095215
2018-12-05,4.902400016784668
2018-12-06,4.912499904632568
2018-12-07,4.90749979019165
2018-12-10,4.91510009765625
2018-12-11,4.916100025177002
2018-12-12,4.910999774932861
2018-12-13,4.910999774932861
2018-12-14,4.912899971008301
2018-12-17,4.915200233459473
2018-12-18,4.925899982452393
2018-12-19,4.927700042724609
2018-12-20,4.934299945831299
2018-12-21,4.92519998550415
2018-12-27,4.933800220489502
2018-12-28,4.934800148010254
2019-01-02,4.9492998123168945
2019-01-03,4.9583001136779785
2019-01-04,4.944200038909912
2019-01-07,4.9405999183654785
2019-01-08,4.943900108337402
2019-01-09,4.937600135803223
2019-01-10,4.938799858093262
2019-01-11,4.94379997253418
2019-01-14,4.942399978637695
2019-01-15,4.942800045013428
2019-01-16,4.947500228881836
2019-01-17,4.942999839782715
2019-01-18,4.939199924468994
2019-01-21,4.940100193023682
2019-01-22,4.946700096130371
2019-01-23,4.959700107574463
2019-01-24,4.959199905395508
2019-01-25,4.960100173950195
2019-01-28,4.957900047302246
2019-01-29,4.96150016784668
2019-01-30,4.961999893188477
2019-01-31,4.982900142669678
2019-02-01,4.97130012512207
2019-02-04,4.96750020980835
2019-02-05,4.97790002822876
2019-02-06,4.9770002365112305
2019-02-07,4.9816999435424805
2019-02-08,4.984499931335449
2019-02-11,4.984000205993652
2019-02-12,4.980500221252441
2019-02-13,4.979899883270264
2019-02-14,4.98360013961792
2019-02-15,4.983500003814697
2019-02-18,4.9816999435424805
2019-02-19,4.986700057983398
2019-02-20,4.980899810791016
2019-02-21,4.97599983215332
2019-02-22,4.982999801635742
2019-02-25,4.9807000160217285
2019-02-26,4.984099864959717
2019-02-27,4.968999862670898
2019-02-28,4.9710001945495605
2019-03-01,4.966300010681152
2019-03-04,4.9679999351501465
2019-03-05,4.967599868774414
2019-03-06,4.980100154876709
2019-03-07,4.992400169372559
2019-03-08,4.995200157165527
2019-03-11,4.993599891662598
2019-03-12,5.0015997886657715
2019-03-13,5.000999927520752
2019-03-14,4.997399806976318
2019-03-15,5.0005998611450195
2019-03-18,5.0065999031066895
2019-03-19,5.004000186920166
2019-03-20,5.006800174713135
2019-03-21,5.023200035095215
2019-03-22,5.046800136566162
2019-03-25,5.047399997711182
2019-03-26,5.04580020904541
2019-03-27,5.054999828338623
2019-03-28,5.054999828338623
2019-03-29,5.053199768066406
2019-04-01,5.041399955749512
2019-04-02,5.03879976272583
2019-04-03,5.029399871826172
2019-04-04,5.028600215911865
2019-04-05,5.032800197601318
2019-04-08,5.033400058746338
2019-04-09,5.038599967956543
2019-04-10,5.0432000160217285
2019-04-11,5.038599967956543
2019-04-12,5.030600070953369
2019-04-15,5.027400016784668
2019-04-16,5.017600059509277
2019-04-17,5.019999980926514
2019-04-18,5.026599884033203
2019-04-23,5.023399829864502
2019-04-24,5.035200119018555
2019-04-25,5.033400058746338
2019-04-26,5.042399883270264
2019-04-29,5.037799835205078
2019-04-30,5.03380012512207
2019-05-02,5.033400058746338
2019-05-03,5.036200046539307
2019-05-06,5.044600009918213
2019-05-07,5.0472002029418945
2019-05-08,5.057799816131592
2019-05-09,5.03980016708374
2019-05-10,5.040200233459473
2019-05-13,5.0524001121521
2019-05-14,5.046999931335449
2019-05-15,5.053999900817871
2019-05-16,5.053599834442139
2019-05-17,5.057799816131592
2019-05-20,5.052599906921387
2019-05-21,5.044400215148926
2019-05-22,5.0543999671936035
2019-05-23,5.061200141906738
2019-05-24,5.066999912261963
2019-05-27,5.064199924468994
2019-05-28,5.072999954223633
2019-05-29,5.078999996185303
2019-05-30,5.082600116729736
2019-05-31,5.091000080108643
2019-06-03,5.100599765777588
2019-06-04,5.102399826049805
2019-06-05,5.1082000732421875
2019-06-06,5.114999771118164
2019-06-07,5.125999927520752
2019-06-11,5.1143999099731445
2019-06-12,5.114999771118164
2019-06-13,5.11959981918335
2019-06-14,5.125
2019-06-17,5.124000072479248
2019-06-18,5.141600131988525
2019-06-19,5.133200168609619
2019-06-20,5.176199913024902
2019-06-21,5.145400047302246
2019-06-24,5.147600173950195
2019-06-25,5.156199932098389
2019-06-26,5.142000198364258
2019-06-27,5.144800186157227
2019-06-28,5.148799896240234
2019-07-01,5.156199932098389
2019-07-02,5.157800197601318
2019-07-03,5.179200172424316
2019-07-04,5.1803998947143555
2019-07-05,5.155200004577637
2019-07-08,5.163599967956543
2019-07-09,5.157199859619141
2019-07-10,5.15339994430542
2019-07-11,5.1458001136779785
2019-07-12,5.140200138092041
2019-07-15,5.147600173950195
2019-07-16,5.144999980926514
2019-07-17,5.151000022888184
2019-07-18,5.158400058746338
2019-07-19,5.162799835205078
2019-07-22,5.164400100708008
2019-07-23,5.166999816894531
2019-07-24,5.174799919128418
2019-07-25,5.167200088500977
2019-07-26,5.168799877166748
2019-07-29,5.170599937438965
2019-07-30,5.169600009918213
2019-07-31,5.180799961090088
2019-08-01,5.188399791717529
2019-08-02,5.201200008392334
2019-08-05,5.211999893188477
2019-08-06,5.2230000495910645
2019-08-07,5.242400169372559
2019-08-08,5.222799777984619
2019-08-09,5.232999801635742
2019-08-12,5.240200042724609
2019-08-13,5.240600109100342
2019-08-14,5.256999969482422
2019-08-15,5.281400203704834
2019-08-16,5.269800186157227
2019-08-19,5.2617998123168945
2019-08-20,5.269599914550781
2019-08-21,5.269000053405762
2019-08-22,5.261600017547607
2019-08-23,5.265200138092041
2019-08-26,5.269000053405762
2019-08-27,5.283999919891357
2019-08-28,5.29040002822876
2019-08-29,5.28380012512207
2019-08-30,5.284800052642822
2019-09-02,5.281799793243408
2019-09-03,5.292799949645996
2019-09-04,5.289400100708008
2019-09-05,5.2565999031066895
2019-09-06,5.265999794006348
2019-09-09,5.250199794769287
2019-09-10,5.235400199890137
2019-09-11,5.230599880218506
2019-09-12,5.229599952697754
2019-09-13,5.196400165557861
2019-09-16,5.20359992980957
2019-09-17,5.210400104522705
2019-09-18,5.222599983215332
2019-09-19,5.224400043487549
2019-09-20,5.22599983215332
2019-09-23,5.245800018310547
2019-09-24,5.2515997886657715
2019-09-25,5.243599891662598
2019-09-26,5.2434000968933105
2019-09-27,5.2444000244140625
2019-09-30,5.23960018157959
2019-10-01,5.251999855041504
2019-10-02,5.243800163269043
2019-10-04,5.257599830627441
2019-10-07,5.258800029754639
2019-10-08,5.26140022277832
2019-10-09,5.250400066375732
2019-10-10,5.2332000732421875
2019-10-11,5.2170000076293945
2019-10-14,5.223199844360352
2019-10-15,5.214600086212158
2019-10-16,5.2129998207092285
2019-10-17,5.212399959564209
2019-10-18,5.208199977874756
2019-10-21,5.194399833679199
2019-10-22,5.204599857330322
2019-10-23,5.218400001525879
2019-10-24,5.216000080108643
2019-10-25,5.210000038146973
2019-10-28,5.192599773406982
2019-10-29,5.192800045013428
2019-10-30,5.19920015335083
2019-10-31,5.223999977111816
2019-11-01,5.215400218963623
2019-11-04,5.209400177001953
2019-11-05,5.190400123596191
2019-11-06,5.1956000328063965
2019-11-07,5.172800064086914
2019-11-08,5.178800106048584
2019-11-11,5.1691999435424805
2019-11-12,5.168799877166748
2019-11-13,5.180200099945068
2019-11-14,5.19320011138916
2019-11-15,5.189599990844727
2019-11-18,5.1956000328063965
2019-11-19,5.200200080871582
2019-11-20,5.2017998695373535
2019-11-21,5.195000171661377
2019-11-22,5.20419979095459
2019-11-25,5.20419979095459
2019-11-26,5.206999778747559
2019-11-27,5.207799911499023
2019-11-28,5.204999923706055
2019-11-29,5.204400062561035
2019-12-02,5.188199996948242
2019-12-03,5.215000152587891
2019-12-04,5.196199893951416
2019-12-05,5.190800189971924
2019-12-06,5.186200141906738
2019-12-09,5.192999839782715
2019-12-10,5.192399978637695
2019-12-11,5.195199966430664
2019-12-12,5.183199882507324
2019-12-13,5.198599815368652
2019-12-16,5.188600063323975
2019-12-17,5.192800045013428
2019-12-18,5.181399822235107
2019-12-19,5.182600021362305
2019-12-20,5.182000160217285
2019-12-23,5.183800220489502
2019-12-27,5.197400093078613
2019-12-30,5.184599876403809
2020-01-02,5.200200080871582
2020-01-03,5.205399990081787
2020-01-06,5.202400207519531
2020-01-07,5.1956000328063965
2020-01-08,5.192800045013428
2020-01-09,5.177199840545654
2020-01-10,5.1956000328063965
2020-01-13,5.189000129699707
2020-01-14,5.193999767303467
2020-01-15,5.20959997177124
2020-01-16,5.198400020599365
2020-01-17,5.200399875640869
2020-01-20,5.207399845123291
2020-01-21,5.211599826812744
2020-01-22,5.213600158691406
2020-01-23,5.225399971008301
2020-01-24,5.233799934387207
2020-01-27,5.245800018310547
2020-01-28,5.2393999099731445
2020-01-29,5.251200199127197
2020-01-30,5.2596001625061035
2020-01-31,5.265399932861328
2020-02-03,5.261000156402588
2020-02-04,5.252799987792969
2020-02-05,5.231400012969971
2020-02-06,5.234799861907959
2020-02-07,5.251200199127197
2020-02-10,5.26639986038208
2020-02-11,5.256999969482422
2020-02-12,5.253600120544434
2020-02-13,5.255199909210205
2020-02-14,5.255000114440918
2020-02-17,5.2606000900268555
2020-02-18,5.271999835968018
2020-02-19,5.265999794006348
2020-02-20,5.27239990234375
2020-02-21,5.2778000831604
2020-02-24,5.2932000160217285
2020-02-25,5.305799961090088
2020-02-26,5.287199974060059
2020-02-27,5.281400203704834
2020-02-28,5.300000190734863
2020-03-02,5.311800003051758
2020-03-03,5.3358001708984375
2020-03-04,5.340000152587891
2020-03-05,5.325399875640869
2020-03-06,5.369800090789795
2020-03-09,5.377399921417236
2020-03-10,5.322800159454346
2020-03-11,5.302199840545654
2020-03-12,5.198999881744385
2020-03-13,5.167799949645996
2020-03-16,5.21999979019165
2020-03-17,5.086999893188477
2020-03-18,5.052599906921387
2020-03-19,5.054599761962891
2020-03-20,5.050000190734863
2020-03-23,5.1153998374938965
2020-03-24,5.086599826812744
2020-03-25,5.167600154876709
2020-03-26,5.199999809265137
2020-03-27,5.214799880981445
2020-03-30,5.235199928283691
2020-03-31,5.240600109100342
2020-04-01,5.236599922180176
2020-04-02,5.228600025177002
2020-04-03,5.2382001876831055
2020-04-06,5.241600036621094
2020-04-07,5.210000038146973
2020-04-08,5.228400230407715
2020-04-09,5.26140022277832
2020-04-14,5.2332000732421875
2020-04-15,5.261600017547607
2020-04-16,5.28000020980835
2020-04-17,5.283999919891357
2020-04-20,5.270199775695801
2020-04-21,5.277400016784668
2020-04-22,5.276000022888184
2020-04-23,5.2718000411987305
2020-04-24,5.300000190734863
2020-04-27,5.285200119018555
2020-04-28,5.283199787139893
2020-04-29,5.296599864959717
2020-04-30,5.275599956512451
2020-05-04,5.311600208282471
2020-05-05,5.295199871063232
2020-05-06,5.276599884033203
2020-05-07,5.291399955749512
2020-05-08,5.281599998474121
2020-05-11,5.283999919891357
2020-05-12,5.273799896240234
2020-05-13,5.282599925994873
2020-05-14,5.290200233459473
2020-05-15,5.287600040435791
2020-05-18,5.291800022125244
2020-05-19,5.284200191497803
2020-05-20,5.289999961853027
2020-05-21,5.3094000816345215
2020-05-22,5.309999942779541
2020-05-25,5.305600166320801
2020-05-26,5.308800220489502
2020-05-27,5.3053998947143555
2020-05-28,5.315800189971924
2020-05-29,5.298999786376953
2020-06-02,5.3043999671936035
2020-06-03,5.2993998527526855
2020-06-04,5.294000148773193
2020-06-05,5.301799774169922
2020-06-08,5.295000076293945
2020-06-09,5.298799991607666
2020-06-10,5.296999931335449
2020-06-11,5.3246002197265625
2020-06-12,5.321800231933594
2020-06-15,5.317800045013428
2020-06-16,5.3094000816345215
2020-06-17,5.314000129699707
2020-06-18,5.327400207519531
2020-06-19,5.312399864196777
2020-06-22,5.328000068664551
2020-06-23,5.323800086975098
2020-06-24,5.323800086975098
2020-06-25,5.32859992980957
2020-06-26,5.328999996185303
2020-06-29,5.329800128936768
2020-06-30,5.339799880981445
2020-07-01,5.315999984741211
2020-07-02,5.342199802398682
2020-07-03,5.339799880981445
2020-07-06,5.339200019836426
2020-07-07,5.333399772644043
2020-07-08,5.3379998207092285
2020-07-09,5.338399887084961
2020-07-10,5.35099983215332
2020-07-13,5.337399959564209
2020-07-14,5.343200206756592
2020-07-15,5.341599941253662
2020-07-16,5.353000164031982
2020-07-17,5.35260009765625
2020-07-20,5.367000102996826
2020-07-21,5.366799831390381
2020-07-22,5.3694000244140625
2020-07-23,5.379199981689453
2020-07-24,5.368199825286865
2020-07-27,5.377399921417236
2020-07-28,5.364999771118164
2020-07-29,5.367000102996826
2020-07-30,5.3765997886657715
2020-07-31,5.377999782562256
2020-08-03,5.376399993896484
2020-08-04,5.382999897003174
2020-08-05,5.373600006103516
2020-08-06,5.390200138092041
2020-08-07,5.3856000900268555
2020-08-10,5.385200023651123
2020-08-11,5.366600036621094
2020-08-12,5.358799934387207
2020-08-13,5.353799819946289
2020-08-14,5.348800182342529
2020-08-17,5.347799777984619
2020-08-18,5.353000164031982
2020-08-19,5.362400054931641
2020-08-20,5.361599922180176
2020-08-21,5.355999946594238
2020-08-24,5.353400230407715
2020-08-25,5.336599826812744
2020-08-26,5.340799808502197
2020-08-27,5.3317999839782715
2020-08-28,5.328800201416016
2020-08-31,5.329800128936768
2020-09-01,5.342400074005127
2020-09-02,5.356400012969971
2020-09-03,5.363800048828125
2020-09-04,5.360599994659424
2020-09-07,5.339799880981445
2020-09-08,5.362599849700928
2020-09-09,5.3480000495910645
2020-09-10,5.337800025939941
2020-09-11,5.354000091552734
2020-09-14,5.356800079345703
2020-09-15,5.34499979019165
2020-09-16,5.34499979019165
2020-09-17,5.359600067138672
2020-09-18,5.355599880218506
2020-09-21,5.359399795532227
2020-09-22,5.350599765777588
2020-09-23,5.360000133514404
2020-09-24,5.351200103759766
2020-09-25,5.356400012969971
2020-09-28,5.347400188446045
2020-09-29,5.359600067138672
2020-09-30,5.338600158691406
2020-10-01,5.346799850463867
2020-10-02,5.34499979019165
2020-10-05,5.337600231170654
2020-10-06,5.341599941253662
2020-10-07,5.341000080108643
2020-10-08,5.338600158691406
2020-10-09,5.345600128173828
2020-10-12,5.348599910736084
2020-10-13,5.360000133514404
2020-10-14,5.362599849700928
2020-10-15,5.36299991607666
2020-10-16,5.3703999519348145
2020-10-19,5.36460018157959
2020-10-20,5.36359977722168
2020-10-21,5.3480000495910645
2020-10-22,5.347799777984619
2020-10-23,5.346399784088135
2020-10-26,5.344600200653076
2020-10-27,5.359799861907959
2020-10-28,5.362400054931641
2020-10-29,5.353000164031982
2020-10-30,5.344399929046631
2020-11-02,5.355800151824951
2020-11-03,5.3429999351501465
2020-11-04,5.371799945831299
2020-11-05,5.36899995803833
2020-11-06,5.36299991607666
2020-11-09,5.3429999351501465
2020-11-10,5.339799880981445
2020-11-11,5.35260009765625
2020-11-12,5.351200103759766
2020-11-13,5.3531999588012695
2020-11-16,5.357999801635742
2020-11-17,5.359399795532227
2020-11-18,5.368800163269043
2020-11-19,5.366399765014648
2020-11-20,5.367800235748291
2020-11-23,5.373199939727783
2020-11-24,5.371399879455566
2020-11-25,5.365799903869629
2020-11-26,5.374000072479248
2020-11-27,5.36899995803833
2020-11-30,5.377600193023682
2020-12-01,5.368800163269043
2020-12-02,5.354599952697754
2020-12-03,5.37060022354126
2020-12-04,5.361999988555908
2020-12-07,5.373000144958496
2020-12-08,5.38040018081665
2020-12-09,5.370800018310547
2020-12-10,5.378200054168701
2020-12-11,5.389999866485596
2020-12-14,5.37939977645874
2020-12-15,5.384399890899658
2020-12-16,5.36899995803833
2020-12-17,5.378799915313721
2020-12-18,5.3805999755859375
2020-12-21,5.382800102233887
2020-12-22,5.37939977645874
2020-12-23,5.368599891662598
2020-12-28,5.377600193023682
2020-12-29,5.374199867248535
2020-12-30,5.376200199127197
2021-01-04,5.39139986038208
2021-01-05,5.38100004196167
2021-01-06,5.359000205993652
2021-01-07,5.361599922180176
2021-01-08,5.3632001876831055
2021-01-11,5.346799850463867
2021-01-12,5.339600086212158
2021-01-13,5.361400127410889
2021-01-14,5.36460018157959
2021-01-15,5.363999843597412
2021-01-18,5.358399868011475
2021-01-19,5.36460018157959
2021-01-20,5.360000133514404
2021-01-21,5.354400157928467
2021-01-22,5.346799850463867
2021-01-25,5.368599891662598
2021-01-26,5.361999988555908
2021-01-27,5.354400157928467
2021-01-28,5.359799861907959
2021-01-29,5.353799819946289
2021-02-01,5.355199813842773
2021-02-02,5.3460001945495605
2021-02-03,5.343800067901611
2021-02-04,5.3368000984191895
2021-02-05,5.33519983291626
2021-02-08,5.331399917602539
2021-02-09,5.334000110626221
2021-02-10,5.330999851226807
2021-02-11,5.335599899291992
2021-02-12,5.327199935913086
2021-02-15,5.304999828338623
2021-02-16,5.302000045776367
2021-02-17,5.302199840545654
2021-02-18,5.2947998046875
2021-02-19,5.285999774932861
2021-02-22,5.279799938201904
2021-02-23,5.2729997634887695
2021-02-24,5.269999980926514
2021-02-25,5.247399806976318
2021-02-26,5.238999843597412
2021-03-01,5.260000228881836
2021-03-02,5.2667999267578125
2021-03-03,5.251800060272217
2021-03-04,5.258399963378906
2021-03-05,5.248600006103516
2021-03-08,5.239999771118164
2021-03-09,5.247399806976318
2021-03-10,5.250400066375732
2021-03-11,5.253399848937988
2021-03-12,5.235199928283691
2021-03-15,5.245800018310547
2021-03-16,5.243199825286865
2021-03-17,5.226799964904785
2021-03-18,5.222400188446045
2021-03-19,5.223999977111816
2021-03-22,5.232999801635742
2021-03-23,5.246399879455566
2021-03-24,5.246399879455566
2021-03-25,5.254000186920166
2021-03-26,5.247600078582764
2021-03-29,5.239799976348877
2021-03-30,5.23360013961792
2021-03-31,5.239999771118164
2021-04-01,5.241399765014648
2021-04-06,5.243800163269043
2021-04-07,5.248000144958496
2021-04-08,5.255000114440918
2021-04-09,5.24399995803833
2021-04-12,5.243599891662598
2021-04-13,5.247000217437744
2021-04-14,5.248600006103516
2021-04-15,5.26200008392334
2021-04-16,5.254799842834473
2021-04-19,5.251200199127197
2021-04-20,5.256199836730957
2021-04-21,5.258399963378906
2021-04-22,5.256999969482422
2021-04-23,5.256400108337402
2021-04-26,5.255000114440918
2021-04-27,5.250999927520752
2021-04-28,5.24399995803833
2021-04-29,5.237800121307373
2021-04-30,5.24399995803833
2021-05-03,5.245999813079834
2021-05-04,5.252799987792969
2021-05-05,5.250999927520752
2021-05-06,5.252200126647949
2021-05-07,5.253600120544434
2021-05-10,5.246799945831299
2021-05-11,5.23859977722168
2021-05-12,5.22599983215332
2021-05-13,5.2241997718811035
2021-05-14,5.226799964904785
2021-05-17,5.22760009765625
2021-05-18,5.225599765777588
2021-05-19,5.22599983215332
2021-05-20,5.230599880218506
2021-05-21,5.231800079345703
2021-05-25,5.243800163269043
2021-05-26,5.254199981689453
2021-05-27,5.242599964141846
2021-05-28,5.246399879455566
2021-05-31,5.2505998611450195
2021-06-01,5.246600151062012
2021-06-02,5.249000072479248
2021-06-03,5.243199825286865
2021-06-04,5.255000114440918
2021-06-07,5.253200054168701
2021-06-08,5.256800174713135
2021-06-09,5.265999794006348
2021-06-10,5.263000011444092
2021-06-11,5.274600028991699
2021-06-14,5.266600131988525
2021-06-15,5.263999938964844
2021-06-16,5.26800012588501
2021-06-17,5.263400077819824
2021-06-18,5.2708001136779785
2021-06-21,5.26639986038208
2021-06-22,5.26039981842041
2021-06-23,5.264400005340576
2021-06-24,5.267000198364258
2021-06-25,5.252600193023682
2021-06-28,5.262800216674805
2021-06-29,5.26800012588501
2021-06-30,5.274600028991699
2021-07-01,5.270199775695801
2021-07-02,5.276800155639648
2021-07-05,5.274199962615967
2021-07-06,5.291200160980225
2021-07-07,5.297800064086914
2021-07-08,5.303999900817871
2021-07-09,5.298799991607666
2021-07-12,5.2941999435424805
2021-07-13,5.293000221252441
2021-07-14,5.298999786376953
2021-07-15,5.3003997802734375
2021-07-16,5.306399822235107
2021-07-19,5.3225998878479
2021-07-20,5.325200080871582
2021-07-21,5.315400123596191
2021-07-22,5.322000026702881
2021-07-23,5.323800086975098
2021-07-26,5.323200225830078
2021-07-27,5.330599784851074
2021-07-28,5.326200008392334
2021-07-29,5.326399803161621
2021-07-30,5.331999778747559
2021-08-02,5.34119987487793
2021-08-03,5.3420000076293945
2021-08-04,5.339000225067139
2021-08-05,5.337399959564209
2021-08-06,5.324399948120117
2021-08-09,5.320000171661377
2021-08-10,5.317399978637695
2021-08-11,5.311999797821045
2021-08-12,5.316199779510498
2021-08-13,5.3256001472473145
2021-08-16,5.330399990081787
2021-08-17,5.326000213623047
2021-08-18,5.32420015335083
2021-08-19,5.330999851226807
2021-08-20,5.33459997177124
2021-08-23,5.331600189208984
2021-08-24,5.328400135040283
2021-08-25,5.314000129699707
2021-08-26,5.309599876403809
2021-08-27,5.316800117492676
2021-08-30,5.323200225830078
2021-08-31,5.318399906158447
2021-09-01,5.316199779510498
2021-09-02,5.319399833679199
2021-09-03,5.313000202178955
2021-09-06,5.308000087738037
2021-09-07,5.296999931335449
2021-09-08,5.302199840545654
2021-09-09,5.3165998458862305
2021-09-10,5.308800220489502
2021-09-13,5.310800075531006
2021-09-14,5.316199779510498
2021-09-15,5.313000202178955
2021-09-16,5.305600166320801
2021-09-17,5.304200172424316
2021-09-20,5.308599948883057
2021-09-21,5.311999797821045
2021-09-22,5.313000202178955
2021-09-23,5.292799949645996
2021-09-24,5.281799793243408
2021-09-27,5.271599769592285
2021-09-28,5.263800144195557
2021-09-29,5.267600059509277
2021-09-30,5.258600234985352
2021-10-01,5.269000053405762
2021-10-04,5.264599800109863
2021-10-05,5.2565999031066895
2021-10-06,5.252399921417236
2021-10-07,5.251399993896484
2021-10-08,5.232999801635742
2021-10-11,5.230199813842773
2021-10-12,5.231400012969971
2021-10-13,5.247600078582764
2021-10-14,5.259200096130371
2021-10-15,5.25
2021-10-18,5.240799903869629
2021-10-19,5.235199928283691
2021-10-20,5.235199928283691
2021-10-21,5.220799922943115
2021-10-22,5.220399856567383
2021-10-25,5.2322001457214355
2021-10-26,5.231800079345703
2021-10-27,5.253600120544434
2021-10-28,5.253200054168701
2021-10-29,5.246799945831299
2021-11-01,5.234600067138672
2021-11-02,5.254799842834473
2021-11-03,5.251399993896484
2021-11-04,5.264599800109863
2021-11-05,5.282800197601318
2021-11-08,5.277599811553955
2021-11-09,5.290999889373779
2021-11-10,5.270599842071533
2021-11-11,5.261600017547607
2021-11-12,5.262400150299072
2021-11-15,5.253600120544434
2021-11-16,5.249199867248535
2021-11-17,5.242800235748291
2021-11-18,5.256800174713135
2021-11-19,5.267399787902832
2021-11-22,5.255199909210205
2021-11-23,5.236400127410889
2021-11-24,5.2342000007629395
2021-11-25,5.235599994659424
2021-11-26,5.265999794006348
2021-11-29,5.259799957275391
2021-11-30,5.276199817657471
2021-12-01,5.271599769592285
2021-12-02,5.279600143432617
2021-12-03,5.283199787139893
2021-12-06,5.286799907684326
2021-12-07,5.284599781036377
2021-12-08,5.267199993133545
2021-12-09,5.276599884033203
2021-12-10,5.277200222015381
2021-12-13,5.290200233459473
2021-12-14,5.280399799346924
2021-12-15,5.2708001136779785
2021-12-16,5.279799938201904
2021-12-17,5.284999847412109
2021-12-20,5.274400234222412
2021-12-21,5.257599830627441
2021-12-22,5.258600234985352
2021-12-23,5.249800205230713
2021-12-27,5.258600234985352
2021-12-28,5.261600017547607
2021-12-29,5.250400066375732
2021-12-30,5.249000072479248
2022-01-03,5.223999977111816
2022-01-04,5.228000164031982
2022-01-05,5.215000152587891
2022-01-06,5.206600189208984
2022-01-07,5.186399936676025
2022-01-10,5.185800075531006
2022-01-11,5.182400226593018
2022-01-12,5.190000057220459
2022-01-13,5.1996002197265625
2022-01-14,5.191999912261963
2022-01-17,5.179599761962891
2022-01-18,5.171000003814697
2022-01-19,5.17140007019043
2022-01-20,5.164999961853027
2022-01-21,5.184800148010254
2022-01-24,5.18179988861084
2022-01-25,5.1793999671936035
2022-01-26,5.171800136566162
2022-01-27,5.170599937438965
2022-01-28,5.161799907684326
2022-01-31,5.15339994430542
2022-02-01,5.1508002281188965
2022-02-02,5.165599822998047
2022-02-03,5.136600017547607
2022-02-04,5.110199928283691
2022-02-07,5.100200176239014
2022-02-08,5.098999977111816
2022-02-09,5.105999946594238
2022-02-10,5.0767998695373535
2022-02-11,5.06820011138916
2022-02-14,5.06879997253418
2022-02-15,5.061200141906738
2022-02-16,5.066999912261963
2022-02-17,5.0746002197265625
2022-02-18,5.073400020599365
2022-02-21,5.073200225830078
2022-02-22,5.073800086975098
2022-02-23,5.063399791717529
2022-02-24,5.053400039672852
2022-02-25,5.052000045776367
2022-02-28,5.091000080108643
2022-03-01,5.124199867248535
2022-03-02,5.094600200653076
2022-03-03,5.08459997177124
2022-03-04,5.114799976348877
2022-03-07,5.081600189208984
2022-03-08,5.058599948883057
2022-03-09,5.04640007019043
2022-03-10,5.0218000411987305
2022-03-11,5.0218000411987305
2022-03-14,4.991700172424316
2022-03-15,4.995999813079834
2022-03-16,4.997200012207031
2022-03-17,5.000800132751465
2022-03-18,5.013800144195557
2022-03-21,4.984799861907959
2022-03-22,4.96999979019165
2022-03-23,4.970300197601318
2022-03-24,4.96999979019165
2022-03-25,4.945400238037109
2022-03-28,4.947700023651123
2022-03-29,4.951200008392334
2022-03-30,4.95989990234375
2022-03-31,4.9822998046875
2022-04-01,4.9593000411987305
2022-04-04,4.960999965667725
2022-04-05,4.941999912261963
2022-04-06,4.922399997711182
2022-04-07,4.914400100708008
2022-04-08,4.897600173950195
2022-04-11,4.884300231933594
2022-04-12,4.894199848175049
2022-04-13,4.894800186157227
2022-04-14,4.875999927520752
2022-04-19,4.841599941253662
2022-04-20,4.858699798583984
2022-04-21,4.832399845123291
2022-04-22,4.831299781799316
2022-04-25,4.864999771118164
2022-04-26,4.869699954986572
2022-04-27,4.853600025177002
2022-04-28,4.843999862670898
2022-04-29,4.829699993133545
2022-05-02,4.808700084686279
2022-05-03,4.823599815368652
2022-05-04,4.802700042724609
2022-05-05,4.785099983215332
2022-05-06,4.786399841308594
2022-05-09,4.779099941253662
2022-05-10,4.809000015258789
2022-05-11,4.801599979400635
2022-05-12,4.826499938964844
2022-05-13,4.812600135803223
2022-05-16,4.8221001625061035
2022-05-17,4.8018999099731445
2022-05-18,4.805600166320801
2022-05-19,4.824399948120117
2022-05-20,4.822999954223633
2022-05-23,4.806700229644775
2022-05-24,4.832799911499023
2022-05-25,4.837900161743164
2022-05-26,4.831600189208984
2022-05-27,4.843200206756592
2022-05-30,4.825699806213379
2022-05-31,4.815499782562256
2022-06-01,4.803400039672852
2022-06-02,4.79580020904541
2022-06-03,4.78980016708374
2022-06-06,4.776700019836426
2022-06-07,4.778200149536133
2022-06-08,4.772500038146973
2022-06-09,4.754300117492676
2022-06-10,4.7230000495910645
2022-06-13,4.6682000160217285
2022-06-14,4.643099784851074
2022-06-15,4.661799907684326
2022-06-16,4.663000106811523
2022-06-17,4.685999870300293
2022-06-20,4.662899971008301
2022-06-21,4.663000106811523
2022-06-22,4.689700126647949
2022-06-23,4.718800067901611
2022-06-24,4.710000038146973
2022-06-27,4.683199882507324
2022-06-28,4.688000202178955
2022-06-29,4.700699806213379
2022-06-30,4.729800224304199
2022-07-01,4.760700225830078
2022-07-04,4.738399982452393
2022-07-05,4.762599945068359
2022-07-06,4.749800205230713
2022-07-07,4.740900039672852
2022-07-08,4.728000164031982
2022-07-11,4.747499942779541
2022-07-12,4.762199878692627
2022-07-13,4.742300033569336
2022-07-14,4.750800132751465
2022-07-15,4.766900062561035
2022-07-18,4.750199794769287
2022-07-19,4.730100154876709
2022-07-20,4.744999885559082
2022-07-21,4.744200229644775
2022-07-22,4.805799961090088
2022-07-25,4.792799949645996
2022-07-26,4.805699825286865
2022-07-27,4.808599948883057
2022-07-28,4.846199989318848
2022-07-29,4.855000019073486
2022-08-01,4.862599849700928
2022-08-02,4.851900100708008
2022-08-03,4.829400062561035
2022-08-04,4.846099853515625
2022-08-05,4.808300018310547
2022-08-08,4.831900119781494
2022-08-09,4.823400020599365
2022-08-10,4.828700065612793
2022-08-11,4.809999942779541
2022-08-12,4.814700126647949
2022-08-15,4.8242998123168945
2022-08-16,4.814599990844727
2022-08-17,4.793499946594238
2022-08-18,4.7972002029418945
2022-08-19,4.759300231933594
2022-08-22,4.749000072479248
2022-08-23,4.751699924468994
2022-08-24,4.731299877166748
2022-08-25,4.734099864959717
2022-08-26,4.734600067138672
2022-08-29,4.710999965667725
2022-08-30,4.716899871826172
2022-08-31,4.710299968719482
2022-09-01,4.680600166320801
2022-09-02,4.694200038909912
2022-09-05,4.679999828338623
2022-09-06,4.666100025177002
2022-09-07,4.674099922180176
2022-09-08,4.658899784088135
2022-09-09,4.665999889373779
2022-09-12,4.676400184631348
2022-09-13,4.647799968719482
2022-09-14,4.653200149536133
2022-09-15,4.64139986038208
2022-09-16,4.638899803161621
2022-09-19,4.625500202178955
2022-09-20,4.597899913787842
2022-09-21,4.612299919128418
2022-09-22,4.585299968719482
2022-09-23,4.572400093078613
2022-09-26,4.547399997711182
2022-09-27,4.4934000968933105
2022-09-28,4.5320000648498535
2022-09-29,4.526599884033203
2022-09-30,4.520100116729736
2022-10-03,4.584199905395508
2022-10-04,4.576099872589111
2022-10-05,4.53879976272583
2022-10-06,4.534999847412109
2022-10-07,4.512400150299072
2022-10-10,4.482600212097168
2022-10-11,4.497000217437744
2022-10-12,4.481900215148926
2022-10-13,4.479499816894531
2022-10-14,4.4741997718811035
2022-10-17,4.484300136566162
2022-10-18,4.480299949645996
2022-10-19,4.463699817657471
2022-10-20,4.461400032043457
2022-10-21,4.437099933624268
2022-10-24,4.4446001052856445
2022-10-25,4.494100093841553
2022-10-26,4.498899936676025
2022-10-27,4.534599781036377
2022-10-28,4.5117998123168945
2022-10-31,4.512599945068359
2022-11-01,4.519199848175049
2022-11-02,4.500899791717529
2022-11-03,4.480100154876709
2022-11-04,4.482699871063232
2022-11-07,4.472400188446045
2022-11-08,4.4899001121521
2022-11-09,4.491499900817871
2022-11-10,4.5609002113342285
2022-11-11,4.548500061035156
2022-11-14,4.539700031280518
2022-11-15,4.560200214385986
2022-11-16,4.584700107574463
2022-11-17,4.567200183868408
2022-11-18,4.575500011444092
2022-11-21,4.578199863433838
2022-11-22,4.57919979095459
2022-11-23,4.596700191497803
2022-11-24,4.612599849700928
2022-11-25,4.6016998291015625
2022-11-28,4.60260009765625
2022-11-29,4.5995001792907715
2022-11-30,4.57450008392334
2022-12-01,4.633299827575684
2022-12-02,4.631700038909912
2022-12-05,4.632800102233887
2022-12-06,4.626699924468994
2022-12-07,4.651599884033203
2022-12-08,4.6529998779296875
2022-12-09,4.635900020599365
2022-12-12,4.631100177764893
2022-12-13,4.64769983291626
2022-12-14,4.645999908447266
2022-12-15,4.634200096130371
2022-12-16,4.611299991607666
2022-12-19,4.598299980163574
2022-12-20,4.569699764251709
2022-12-21,4.578499794006348
2022-12-22,4.58459997177124
2022-12-23,4.567500114440918
2022-12-27,4.551400184631348
2022-12-28,4.531799793243408
2022-12-29,4.545899868011475
2022-12-30,4.539400100708008
2023-01-02,4.5528998374938965
2023-01-03,4.560299873352051
2023-01-04,4.581999778747559
2023-01-05,4.5731000900268555
2023-01-06,4.599699974060059
2023-01-09,4.6057000160217285
2023-01-10,4.59660005569458
2023-01-11,4.607900142669678
2023-01-12,4.627799987792969
2023-01-13,4.631499767303467
2023-01-16,4.626500129699707
2023-01-17,4.640100002288818
2023-01-18,4.6605000495910645
2023-01-19,4.653600215911865
2023-01-20,4.634900093078613
2023-01-23,4.634300231933594
2023-01-24,4.639100074768066
2023-01-25,4.639999866485596
2023-01-26,4.639500141143799
2023-01-27,4.629199981689453
2023-01-30,4.616300106048584
2023-01-31,4.624800205230713
2023-02-01,4.6321001052856445
2023-02-02,4.677499771118164
2023-02-03,4.642099857330322
2023-02-06,4.627500057220459
2023-02-07,4.618100166320801
2023-02-08,4.60830020904541
2023-02-09,4.623899936676025
2023-02-10,4.597300052642822
2023-02-13,4.592400074005127
2023-02-14,4.581999778747559
2023-02-15,4.574100017547607
2023-02-16,4.568999767303467
2023-02-17,4.572199821472168
2023-02-20,4.567999839782715
2023-02-21,4.547599792480469
2023-02-22,4.548399925231934
2023-02-23,4.554800033569336
2023-02-24,4.541500091552734
2023-02-27,4.540800094604492
2023-02-28,4.538899898529053
2023-03-01,4.5269999504089355
2023-03-02,4.51230001449585
2023-03-03,4.526700019836426
2023-03-06,4.535099983215332
2023-03-07,4.537399768829346
2023-03-08,4.537899971008301
2023-03-09,4.5304999351501465
2023-03-10,4.5665998458862305
2023-03-13,4.612599849700928
2023-03-14,4.5868000984191895
2023-03-15,4.626200199127197
2023-03-16,4.618800163269043
2023-03-17,4.632299900054932
2023-03-20,4.6356000900268555
2023-03-21,4.611000061035156
2023-03-22,4.610300064086914
2023-03-23,4.640600204467773
2023-03-24,4.658100128173828
2023-03-27,4.637700080871582
2023-03-28,4.625
2023-03-29,4.628799915313721
2023-03-30,4.620100021362305
2023-03-31,4.629700183868408
2023-04-03,4.6479997634887695
2023-04-04,4.651500225067139
2023-04-05,4.669899940490723
2023-04-06,4.66480016708374
2023-04-11,4.635700225830078
2023-04-12,4.639900207519531
2023-04-13,4.6442999839782715
2023-04-14,4.622799873352051
2023-04-17,4.604300022125244
2023-04-18,4.610799789428711
2023-04-19,4.598999977111816
2023-04-20,4.6194000244140625
2023-04-21,4.609000205993652
2023-04-24,4.618800163269043
2023-04-25,4.638199806213379
2023-04-26,4.637400150299072
2023-04-27,4.624499797821045
2023-04-28,4.6427998542785645
2023-05-02,4.64739990234375
2023-05-03,4.654399871826172
2023-05-04,4.664299964904785
2023-05-05,4.638199806213379
2023-05-08,4.636499881744385
2023-05-09,4.632299900054932
2023-05-10,4.643199920654297
2023-05-11,4.6545000076293945
2023-05-12,4.648600101470947
2023-05-15,4.635000228881836
2023-05-16,4.622700214385986
2023-05-17,4.623799800872803
2023-05-18,4.606100082397461
2023-05-19,4.610400199890137
2023-05-22,4.595099925994873
2023-05-23,4.5914998054504395
2023-05-24,4.592100143432617
2023-05-25,4.58050012588501
2023-05-26,4.56850004196167
2023-05-29,4.583499908447266
2023-05-30,4.597499847412109
2023-05-31,4.612400054931641
2023-06-01,4.627299785614014
2023-06-02,4.6097002029418945
2023-06-05,4.60260009765625
2023-06-06,4.604400157928467
2023-06-07,4.591700077056885
2023-06-08,4.597599983215332
2023-06-09,4.597799777984619
2023-06-12,4.5991997718811035
2023-06-13,4.590000152587891
2023-06-14,4.594900131225586
2023-06-15,4.59689998626709
2023-06-16,4.603000164031982
2023-06-19,4.586999893188477
2023-06-20,4.607399940490723
2023-06-21,4.600399971008301
2023-06-22,4.597499847412109
2023-06-23,4.606500148773193
2023-06-26,4.615600109100342
2023-06-27,4.605500221252441
2023-06-28,4.610400199890137
2023-06-29,4.593800067901611
2023-06-30,4.601500034332275
2023-07-03,4.6041998863220215
2023-07-04,4.59660005569458
2023-07-05,4.589099884033203
2023-07-06,4.55649995803833
2023-07-07,4.561100006103516
2023-07-10,4.5559000968933105
2023-07-11,4.559199810028076
2023-07-12,4.584099769592285
2023-07-13,4.600299835205078
2023-07-14,4.598400115966797
2023-07-17,4.594600200653076
2023-07-18,4.617599964141846
2023-07-19,4.610599994659424
2023-07-20,4.60099983215332
2023-07-21,4.607699871063232
2023-07-24,4.610199928283691
2023-07-25,4.60230016708374
2023-07-26,4.599800109863281
2023-07-27,4.598700046539307
2023-07-28,4.594399929046631
2023-07-31,4.595900058746338
2023-08-01,4.5808000564575195
2023-08-02,4.566400051116943
2023-08-03,4.55620002746582
2023-08-04,4.565700054168701
2023-08-07,4.571199893951416
2023-08-08,4.583000183105469
2023-08-09,4.585599899291992
2023-08-10,4.584199905395508
2023-08-11,4.560699939727783
2023-08-14,4.551799774169922
2023-08-15,4.543799877166748
2023-08-16,4.546199798583984
2023-08-17,4.529300212860107
2023-08-18,4.537700176239014
2023-08-21,4.521100044250488
2023-08-22,4.52839994430542
2023-08-23,4.553800106048584
2023-08-24,4.553299903869629
2023-08-25,4.5472002029418945
2023-08-28,4.552499771118164
2023-08-29,4.565499782562256
2023-08-30,4.571800231933594
2023-08-31,4.581699848175049
2023-09-01,4.567599773406982
2023-09-04,4.557600021362305
2023-09-05,4.549499988555908
2023-09-06,4.537499904632568
2023-09-07,4.543399810791016
2023-09-08,4.554299831390381
2023-09-11,4.543000221252441
2023-09-12,4.541299819946289
2023-09-13,4.539899826049805
2023-09-14,4.547699928283691
2023-09-15,4.540999889373779
2023-09-18,4.52839994430542
2023-09-19,4.52839994430542
2023-09-20,4.533400058746338
2023-09-21,4.508800029754639
2023-09-22,4.518899917602539
2023-09-25,4.501200199127197
2023-09-26,4.495999813079834
2023-09-27,4.48799991607666
2023-09-28,4.474599838256836
2023-09-29,4.500500202178955
2023-10-02,4.463799953460693
2023-10-03,4.449999809265137
2023-10-04,4.451399803161621
2023-10-05,4.459799766540527
2023-10-06,4.454999923706055
2023-10-09,4.47760009765625
2023-10-10,4.482699871063232
2023-10-11,4.494100093841553
2023-10-12,4.4832000732421875
2023-10-13,4.489200115203857
2023-10-16,4.477799892425537
2023-10-17,4.4527997970581055
2023-10-18,4.437600135803223
2023-10-19,4.432199954986572
2023-10-20,4.436299800872803
2023-10-23,4.439700126647949
2023-10-24,4.444399833679199
2023-10-25,4.437699794769287
2023-10-26,4.440000057220459
2023-10-27,4.454899787902832
2023-10-30,4.445899963378906
2023-10-31,4.459400177001953
2023-11-01,4.467700004577637
2023-11-02,4.490200042724609
2023-11-03,4.519400119781494
2023-11-06,4.5019001960754395
2023-11-07,4.521399974822998
2023-11-08,4.531899929046631
2023-11-09,4.525199890136719
2023-11-10,4.511199951171875
2023-11-13,4.508299827575684
2023-11-14,4.55649995803833
2023-11-15,4.5381999015808105
2023-11-16,4.552299976348877
2023-11-17,4.554200172424316
2023-11-20,4.558800220489502
2023-11-21,4.579999923706055
2023-11-22,4.5746002197265625
2023-11-23,4.5619001388549805
2023-11-24,4.55709981918335
2023-11-27,4.565299987792969
2023-11-28,4.585400104522705
2023-11-29,4.607100009918213
2023-11-30,4.600900173187256
2023-12-01,4.625
2023-12-04,4.625
2023-12-05,4.625
2023-12-06,4.625
2023-12-07,4.6493000984191895
2023-12-08,4.632599830627441
2023-12-11,4.6305999755859375
2023-12-12,4.642899990081787
2023-12-13,4.660200119018555
2023-12-14,4.702099800109863
2023-12-15,4.712600231170654
2023-12-18,4.704800128936768
2023-12-19,4.72160005569458
2023-12-20,4.724299907684326
2023-12-21,4.735499858856201
2023-12-22,4.73360013961792
2023-12-27,4.749100208282471
2023-12-28,4.746399879455566
2023-12-29,4.737400054931641
2024-01-02,4.722799777984619
2024-01-03,4.718999862670898
2024-01-04,4.707499980926514
2024-01-05,4.705999851226807
2024-01-08,4.712299823760986
2024-01-09,4.703499794006348
2024-01-10,4.703100204467773
2024-01-11,4.700300216674805
2024-01-12,4.721199989318848
2024-01-15,4.718299865722656
2024-01-16,4.7093000411987305
2024-01-17,4.682199954986572
2024-01-18,4.678999900817871
2024-01-19,4.673399925231934
2024-01-22,4.689000129699707
2024-01-23,4.673799991607666
2024-01-24,4.677499771118164
2024-01-25,4.6875
2024-01-26,4.685400009155273
2024-01-29,4.695899963378906
2024-01-30,4.697500228881836
2024-01-31,4.723100185394287
2024-02-01,4.743199825286865
2024-02-02,4.704899787902832
2024-02-05,4.678800106048584
2024-02-06,4.689499855041504
2024-02-07,4.688000202178955
2024-02-08,4.673099994659424
2024-02-09,4.672100067138672
2024-02-12,4.674499988555908
2024-02-13,4.663400173187256
2024-02-14,4.666999816894531
2024-02-15,4.67579984664917
2024-02-16,4.665299892425537
2024-02-19,4.666500091552734
2024-02-20,4.682300090789795
2024-02-21,4.6691999435424805
2024-02-22,4.674200057983398
2024-02-23,4.6809000968933105
2024-02-26,4.674699783325195
2024-02-27,4.675300121307373
2024-02-28,4.670400142669678
2024-02-29,4.686600208282471
2024-03-01,4.690499782562256
2024-03-04,4.684899806976318
2024-03-05,4.703400135040283
2024-03-06,4.708600044250488
2024-03-07,4.7204999923706055
2024-03-08,4.724800109863281
2024-03-11,4.71999979019165
2024-03-12,4.712399959564209
2024-03-13,4.706099987030029
2024-03-14,4.685800075531006
2024-03-15,4.684899806976318
2024-03-18,4.682199954986572
2024-03-19,4.68720006942749
2024-03-20,4.6946001052856445
2024-03-21,4.702499866485596
2024-03-22,4.713200092315674
2024-03-25,4.704800128936768
2024-03-26,4.70389986038208
2024-03-27,4.720699787139893
2024-03-28,4.721700191497803
2024-04-02,4.6828999519348145
2024-04-03,4.682000160217285
2024-04-04,4.695899963378906
2024-04-05,4.688899993896484
2024-04-08,4.684000015258789
2024-04-09,4.69350004196167
2024-04-10,4.67140007019043
2024-04-11,4.652699947357178
2024-04-12,4.671800136566162
2024-04-15,4.646999835968018
2024-04-16,4.634099960327148
2024-04-17,4.644400119781494
2024-04-18,4.643199920654297
2024-04-19,4.6417999267578125
2024-04-22,4.644000053405762
2024-04-23,4.651299953460693
2024-04-24,4.6356000900268555
2024-04-25,4.623899936676025
2024-04-26,4.63700008392334
2024-04-29,4.648499965667725
2024-04-30,4.639100074768066
2024-05-02,4.653900146484375
2024-05-03,4.6697998046875
2024-05-06,4.6743998527526855
2024-05-07,4.692800045013428
2024-05-08,4.680500030517578
2024-05-09,4.6778998374938965
2024-05-10,4.677199840545654
2024-05-13,4.674499988555908
2024-05-14,4.672999858856201
2024-05-15,4.70389986038208
2024-05-16,4.702899932861328
2024-05-17,4.692200183868408
2024-05-20,4.683700084686279
2024-05-21,4.688000202178955
2024-05-22,4.683499813079834
2024-05-23,4.66949987411499
2024-05-24,4.6753997802734375
2024-05-27,4.6732001304626465
2024-05-28,4.673500061035156
2024-05-29,4.649600028991699
2024-05-30,4.660799980163574
2024-05-31,4.669300079345703
2024-06-03,4.68779993057251
2024-06-04,4.698299884796143
2024-06-05,4.7104997634887695
2024-06-06,4.710599899291992
2024-06-07,4.689199924468994
2024-06-10,4.676799774169922
2024-06-11,4.68209981918335
2024-06-12,4.718100070953369
2024-06-13,4.716100215911865
2024-06-14,4.732600212097168
2024-06-17,4.715199947357178
2024-06-18,4.727499961853027
2024-06-19,4.736100196838379
2024-06-20,4.721499919891357
2024-06-21,4.719699859619141
2024-06-24,4.725500106811523
2024-06-25,4.725299835205078
2024-06-26,4.7118000984191895
2024-06-27,4.715400218963623
2024-06-28,4.709000110626221
2024-07-01,4.683599948883057
2024-07-02,4.690100193023682
2024-07-03,4.70989990234375
2024-07-04,4.708700180053711
2024-07-05,4.728300094604492
2024-07-08,4.72629976272583
2024-07-09,4.7144999504089355
2024-07-10,4.7291998863220215
2024-07-11,4.74560022354126
2024-07-12,4.751200199127197
2024-07-15,4.746500015258789
2024-07-16,4.750699996948242
2024-07-17,4.75540018081665
2024-07-18,4.763199806213379
2024-07-19,4.750500202178955
2024-07-22,4.746300220489502
2024-07-23,4.7459001541137695
2024-07-24,4.75
2024-07-25,4.75
2024-07-26,4.758399963378906
2024-07-29,4.768099784851074
2024-07-30,4.766900062561035
2024-07-31,4.7829999923706055
2024-08-01,4.809299945831299
2024-08-02,4.819499969482422
2024-08-05,4.832699775695801
2024-08-06,4.825200080871582
2024-08-07,4.80810022354126
2024-08-08,4.802999973297119
2024-08-09,4.820300102233887
2024-08-12,4.8171000480651855
2024-08-13,4.827300071716309
2024-08-14,4.84119987487793
2024-08-15,4.81850004196167
2024-08-16,4.82289981842041
2024-08-19,4.8302998542785645
2024-08-20,4.839399814605713
2024-08-21,4.845600128173828
2024-08-22,4.8343000411987305
2024-08-23,4.848700046539307
2024-08-26,4.847300052642822
2024-08-27,4.836299896240234
2024-08-28,4.843599796295166
2024-08-29,4.833700180053711
2024-08-30,4.8379998207092285
2024-09-02,4.827600002288818
2024-09-03,4.841599941253662
2024-09-04,4.853600025177002
2024-09-05,4.8618998527526855
2024-09-06,4.8780999183654785
2024-09-09,4.875199794769287
2024-09-10,4.881700038909912
2024-09-11,4.8927001953125
2024-09-12,4.8850998878479
2024-09-13,4.8927001953125
2024-09-16,4.895899772644043
2024-09-17,4.896699905395508
2024-09-18,4.888000011444092
2024-09-19,4.883299827575684
2024-09-20,4.883500099182129
2024-09-23,4.880499839782715
2024-09-24,4.8846001625061035
2024-09-25,4.877999782562256
2024-09-26,4.876399993896484
2024-09-27,4.879000186920166
2024-09-30,4.879499912261963
2024-10-01,4.898099899291992
2024-10-02,4.881499767303467
2024-10-03,4.877399921417236
2024-10-04,4.846700191497803
2024-10-07,4.832300186157227
2024-10-08,4.834000110626221
2024-10-09,4.839900016784668
2024-10-10,4.83050012588501
2024-10-11,4.838500022888184
2024-10-14,4.825900077819824
2024-10-15,4.843200206756592
2024-10-16,4.848999977111816
2024-10-17,4.8420000076293945
2024-10-18,4.852700233459473
2024-10-21,4.827000141143799
2024-10-22,4.816699981689453
2024-10-23,4.809899806976318
2024-10-24,4.82450008392334
2024-10-25,4.820199966430664
2024-10-28,4.809500217437744
2024-10-29,4.802499771118164
2024-10-30,4.809700012207031
2024-10-31,4.802199840545654
2024-11-01,4.803400039672852
2024-11-04,4.804999828338623
2024-11-05,4.798500061035156
2024-11-06,4.791200160980225
2024-11-07,4.791200160980225
2024-11-08,4.813700199127197
2024-11-11,4.8180999755859375
2024-11-12,4.80649995803833
2024-11-13,4.789999961853027
2024-11-14,4.814899921417236
2024-11-15,4.794600009918213
2024-11-18,4.793099880218506
2024-11-19,4.807499885559082
2024-11-20,4.798399925231934
2024-11-21,4.805799961090088
2024-11-22,4.809999942779541
2024-11-25,4.825300216674805
2024-11-26,4.8231000900268555
2024-11-27,4.835999965667725
2024-11-28,4.836699962615967
2024-11-29,4.860899925231934
2024-12-02,4.858500003814697
2024-12-03,4.860899925231934
2024-12-04,4.861999988555908
2024-12-05,4.860199928283691
2024-12-06,4.869900226593018
2024-12-09,4.870299816131592
2024-12-10,4.864200115203857
2024-12-11,4.869800090789795
2024-12-12,4.851399898529053
2024-12-13,4.839399814605713
2024-12-16,4.8333001136779785
2024-12-17,4.835999965667725
2024-12-18,4.82919979095459
2024-12-19,4.807600021362305
2024-12-20,4.817999839782715
2024-12-23,4.800000190734863
2024-12-27,4.795000076293945
2024-12-30,4.8130998611450195
2025-01-02,4.818900108337402
2025-01-03,4.807700157165527
2025-01-06,4.796899795532227
2025-01-07,4.783199787139893
2025-01-08,4.782599925994873
2025-01-09,4.7845001220703125
2025-01-10,4.769999980926514
2025-01-13,4.758500099182129
2025-01-14,4.753699779510498
2025-01-15,4.783699989318848
2025-01-16,4.805699825286865
2025-01-17,4.795100212097168
2025-01-20,4.798999786376953
2025-01-21,4.807199954986572
2025-01-22,4.802999973297119
2025-01-23,4.795300006866455
2025-01-24,4.798699855804443
2025-01-27,4.8130998611450195
2025-01-28,4.816500186920166
2025-01-29,4.812600135803223
2025-01-30,4.820300102233887
2025-01-31,4.824999809265137
2025-02-03,4.8403000831604
2025-02-04,4.830399990081787
2025-02-05,4.840799808502197
2025-02-06,4.8454999923706055
2025-02-07,4.8354997634887695
2025-02-10,4.841599941253662
2025-02-11,4.836100101470947
2025-02-12,4.811600208282471
2025-02-13,4.82889986038208
2025-02-14,4.841100215911865
2025-02-17,4.83489990234375
2025-02-18,4.829800128936768
2025-02-19,4.822000026702881
2025-02-20,4.829100131988525
2025-02-21,4.839799880981445
2025-02-24,4.844099998474121
2025-02-25,4.860000133514404
2025-02-26,4.869699954986572
2025-02-27,4.862599849700928
2025-02-28,4.871600151062012
2025-03-03,4.871699810028076
2025-03-04,4.880799770355225
2025-03-05,4.841000080108643
2025-03-06,4.827300071716309
2025-03-07,4.835999965667725
2025-03-10,4.842400074005127
2025-03-11,4.828499794006348
2025-03-12,4.818299770355225
2025-03-13,4.823699951171875
2025-03-14,4.817399978637695
2025-03-17,4.838699817657471
2025-03-18,4.8292999267578125
2025-03-19,4.8308000564575195
2025-03-20,4.8445000648498535
2025-03-21,4.83620023727417
2025-03-24,4.828999996185303
2025-03-25,4.833600044250488
2025-03-26,4.815700054168701
2025-03-27,4.82450008392334
2025-03-28,4.841599941253662
2025-03-31,4.847300052642822
2025-04-01,4.857900142669678
2025-04-02,4.858699798583984
2025-04-03,4.888899803161621
2025-04-04,4.91949987411499
2025-04-07,4.889999866485596
2025-04-08,4.854499816894531
2025-04-09,4.830900192260742
2025-04-10,4.840000152587891
2025-04-11,4.809899806976318
2025-04-14,4.838099956512451
2025-04-15,4.843900203704834
2025-04-16,4.855400085449219
2025-04-17,4.861000061035156
